pair,mean_cosine_mean,sd_cosine_mean,mean_jaccard_mean,sd_jaccard_mean,mean_cosine_std,mean_jaccard_std,total_comparisons
few_shot_vs_cot,0.915960665911804,0.0337454670252656,0.6081728108428556,0.1337926035163332,0.026536526816144695,0.0734646711916637,779
baseline_vs_cot,0.9057360819844537,0.033161254211251025,0.5821264943006192,0.12343416122163059,0.030941067491662526,0.06938113498278617,804
baseline_vs_few_shot,0.9043505862171268,0.037549733683345084,0.5579700968058,0.11516128489800387,0.030367636046677266,0.06735688351928878,792
